{"position":[886.5535278320313,-0.015000104904174805,270.9859313964844],"name":"player","score":10.0}